nome,Depressao_Ponto_Orvalho,DSC_Soares,Probabilidade_Fogo,Classe_Risco,Cor_Risco,Data_Atualizacao,Umidade_13h,DSC,Depressao_Psicrometrica
Baía da Traição,6.7,2.85,0.3,1. Nulo,#A1A1A1,06/10/2026,,,
São Sebastião do Umbuzeiro,16.9,45.0,2.2,3. Moderado,#E8A523,06/10/2026,,,
Aroeiras,10.9,15.0,0.6,2. Baixo,#C0C276,06/10/2026,,,
Santa Cecília,11.6,18.96,0.7,2. Baixo,#C0C276,06/10/2026,,,
Alcantil,13.9,19.1,1.2,2. Baixo,#C0C276,06/10/2026,,,
Gado Bravo,11.0,22.41,0.6,2. Baixo,#C0C276,06/10/2026,,,
Campina Grande,12.1,22.22,0.8,2. Baixo,#C0C276,06/10/2026,,,
Serra Redonda,10.5,3.5,0.6,2. Baixo,#C0C276,06/10/2026,,,
Salgadinho,18.4,39.5,3.0,4. Alto (Alerta),#DE5C0B,06/10/2026,,,
Montadas,10.5,13.58,0.6,2. Baixo,#C0C276,06/10/2026,,,
Junco do Seridó,18.9,39.2,3.3,4. Alto (Alerta),#DE5C0B,05/10/2026,,,
Cuitegi,10.2,3.13,0.5,2. Baixo,#C0C276,06/10/2026,,,
Pedra Lavrada,18.3,39.5,2.9,4. Alto (Alerta),#DE5C0B,06/10/2026,,,
Borborema,6.9,3.37,0.3,1. Nulo,#A1A1A1,06/10/2026,,,
Nova Floresta,15.6,37.06,1.7,2. Baixo,#C0C276,06/10/2026,,,
São José do Brejo do Cruz,25.8,45.0,12.5,6. Critico,#82001F,05/10/2026,,,
Pedro Régis,10.4,17.15,0.6,2. Baixo,#C0C276,06/10/2026,,,
Puxinanã,10.9,20.98,0.6,2. Baixo,#C0C276,06/10/2026,,,
Baraúna,15.9,35.0,1.8,2. Baixo,#C0C276,06/10/2026,,,
Cacimba de Areia,22.4,45.0,6.6,5. Muito Alto,#DE1010,06/10/2026,,,
Conde,6.5,2.29,0.2,1. Nulo,#A1A1A1,06/10/2026,,,
Umbuzeiro,10.7,21.98,0.6,2. Baixo,#C0C276,06/10/2026,,,
Riachão do Bacamarte,11.5,15.88,0.7,2. Baixo,#C0C276,06/10/2026,,,
Pilõezinhos,7.8,1.79,0.3,1. Nulo,#A1A1A1,06/10/2026,,,
Lucena,6.8,2.15,0.3,1. Nulo,#A1A1A1,06/10/2026,,,
Juripiranga,9.5,12.43,0.5,2. Baixo,#C0C276,06/10/2026,,,
Queimadas,12.0,13.96,0.8,2. Baixo,#C0C276,06/10/2026,,,
João Pessoa,7.5,3.23,0.3,1. Nulo,#A1A1A1,06/10/2026,,,
Assunção,19.3,39.5,3.6,4. Alto (Alerta),#DE5C0B,06/10/2026,,,
São Vicente do Seridó,18.4,39.5,3.0,4. Alto (Alerta),#DE5C0B,06/10/2026,,,
Cacimbas,19.3,45.0,3.6,4. Alto (Alerta),#DE5C0B,06/10/2026,,,
Camalaú,17.7,45.0,2.6,3. Moderado,#E8A523,06/10/2026,,,
Monteiro,19.4,39.5,3.6,4. Alto (Alerta),#DE5C0B,06/10/2026,,,
Alhandra,10.0,3.16,0.5,2. Baixo,#C0C276,05/10/2026,,,
Alagoa Grande,11.3,8.51,0.7,2. Baixo,#C0C276,06/10/2026,,,
Bananeiras,8.3,3.92,0.4,1. Nulo,#A1A1A1,06/10/2026,,,
Barra de Santa Rosa,13.9,17.07,1.2,2. Baixo,#C0C276,06/10/2026,,,
Mari,9.7,25.22,0.5,2. Baixo,#C0C276,06/10/2026,,,
São Sebastião de Lagoa de Roça,8.3,7.17,0.4,1. Nulo,#A1A1A1,06/10/2026,,,
Riachão do Poço,9.4,7.32,0.5,2. Baixo,#C0C276,06/10/2026,,,
Matinhas,8.8,1.48,0.4,1. Nulo,#A1A1A1,06/10/2026,,,
Tenório,18.5,32.0,3.0,4. Alto (Alerta),#DE5C0B,06/10/2026,,,
Coxixola,18.6,35.0,3.1,4. Alto (Alerta),#DE5C0B,06/10/2026,,,
Riachão,11.7,6.32,0.7,2. Baixo,#C0C276,06/10/2026,,,
Barra de Santana,14.2,13.66,1.2,2. Baixo,#C0C276,06/10/2026,,,
Quixaba,22.9,45.0,7.3,5. Muito Alto,#DE1010,06/10/2026,,,
Alagoinha,9.5,2.13,0.5,2. Baixo,#C0C276,05/10/2026,,,
Duas Estradas,11.3,5.51,0.7,2. Baixo,#C0C276,06/10/2026,,,
Ouro Velho,18.3,45.0,2.9,4. Alto (Alerta),#DE5C0B,06/10/2026,,,
Araruna,10.8,9.6,0.6,2. Baixo,#C0C276,06/10/2026,,,
Barra de São Miguel,16.0,45.0,1.9,2. Baixo,#C0C276,06/10/2026,,,
Caraúbas,16.8,45.0,2.2,3. Moderado,#E8A523,06/10/2026,,,
Congo,17.4,45.0,2.5,3. Moderado,#E8A523,06/10/2026,,,
Riacho de Santo Antônio,14.2,19.1,1.2,2. Baixo,#C0C276,06/10/2026,,,
Caaporã,8.3,5.47,0.4,1. Nulo,#A1A1A1,06/10/2026,,,
Desterro,22.0,39.2,6.1,5. Muito Alto,#DE1010,05/10/2026,,,
Algodão de Jandaíra,12.2,17.18,0.8,2. Baixo,#C0C276,06/10/2026,,,
Araçagi,10.9,10.85,0.6,2. Baixo,#C0C276,06/10/2026,,,
Cuité,14.3,12.87,1.2,2. Baixo,#C0C276,06/10/2026,,,
Solânea,9.5,8.14,0.5,2. Baixo,#C0C276,06/10/2026,,,
Boa Vista,15.5,12.61,1.6,2. Baixo,#C0C276,06/10/2026,,,
Areial,10.5,13.58,0.6,2. Baixo,#C0C276,06/10/2026,,,
Massaranduba,10.1,5.38,0.5,2. Baixo,#C0C276,06/10/2026,,,
Pitimbu,7.2,2.0,0.3,1. Nulo,#A1A1A1,06/10/2026,,,
Lagoa Seca,7.9,3.13,0.3,1. Nulo,#A1A1A1,06/10/2026,,,
Remígio,9.0,10.27,0.4,2. Baixo,#C0C276,06/10/2026,,,
Passagem,19.9,45.0,4.1,4. Alto (Alerta),#DE5C0B,06/10/2026,,,
Arara,7.3,7.22,0.3,1. Nulo,#A1A1A1,06/10/2026,,,
São José dos Ramos,10.2,7.14,0.5,2. Baixo,#C0C276,06/10/2026,,,
São Domingos do Cariri,17.4,34.45,2.4,3. Moderado,#E8A523,06/10/2026,,,
Zabelê,18.2,45.0,2.9,3. Moderado,#E8A523,06/10/2026,,,
Natuba,7.4,22.95,0.3,1. Nulo,#A1A1A1,06/10/2026,,,
Cabedelo,6.5,3.02,0.2,1. Nulo,#A1A1A1,06/10/2026,,,
Caturité,14.9,16.55,1.4,2. Baixo,#C0C276,06/10/2026,,,
Boqueirão,15.3,25.23,1.6,2. Baixo,#C0C276,06/10/2026,,,
Caldas Brandão,9.3,5.54,0.4,2. Baixo,#C0C276,06/10/2026,,,
Ingá,11.3,15.27,0.7,2. Baixo,#C0C276,06/10/2026,,,
Sapé,8.5,19.95,0.4,1. Nulo,#A1A1A1,06/10/2026,,,
Areia de Baraúnas,19.2,45.0,3.5,4. Alto (Alerta),#DE5C0B,06/10/2026,,,
Alagoa Nova,6.8,1.78,0.3,1. Nulo,#A1A1A1,06/10/2026,,,
Areia,6.8,3.26,0.3,1. Nulo,#A1A1A1,06/10/2026,,,
Bayeux,9.6,2.36,0.5,2. Baixo,#C0C276,05/10/2026,,,
Cabaceiras,16.5,38.3,2.0,3. Moderado,#E8A523,06/10/2026,,,
Cacimba de Dentro,11.2,14.3,0.7,2. Baixo,#C0C276,06/10/2026,,,
Capim,11.1,21.74,0.7,2. Baixo,#C0C276,05/10/2026,,,
Curral de Cima,10.0,20.43,0.5,2. Baixo,#C0C276,06/10/2026,,,
Casserengue,10.5,28.18,0.6,2. Baixo,#C0C276,06/10/2026,,,
Cruz do Espírito Santo,8.7,7.75,0.4,1. Nulo,#A1A1A1,06/10/2026,,,
Damião,10.9,8.77,0.6,2. Baixo,#C0C276,05/10/2026,,,
Dona Inês,9.5,9.41,0.5,2. Baixo,#C0C276,06/10/2026,,,
Esperança,10.9,17.8,0.6,2. Baixo,#C0C276,06/10/2026,,,
Fagundes,11.0,7.58,0.6,2. Baixo,#C0C276,06/10/2026,,,
Guarabira,9.6,3.43,0.5,2. Baixo,#C0C276,06/10/2026,,,
Gurinhém,11.3,8.23,0.7,2. Baixo,#C0C276,05/10/2026,,,
Jacaraú,9.5,15.31,0.5,2. Baixo,#C0C276,06/10/2026,,,
Gurjão,18.0,35.0,2.7,3. Moderado,#E8A523,06/10/2026,,,
Itabaiana,12.9,11.41,0.9,2. Baixo,#C0C276,05/10/2026,,,
Itapororoca,10.1,13.34,0.5,2. Baixo,#C0C276,06/10/2026,,,
Itatuba,11.6,8.27,0.7,2. Baixo,#C0C276,06/10/2026,,,
Livramento,18.1,39.5,2.8,3. Moderado,#E8A523,06/10/2026,,,
Juarez Távora,11.1,10.74,0.6,2. Baixo,#C0C276,06/10/2026,,,
Mataraca,8.6,1.62,0.4,1. Nulo,#A1A1A1,05/10/2026,,,
Maturéia,19.6,45.0,3.8,4. Alto (Alerta),#DE5C0B,06/10/2026,,,
Juazeirinho,18.5,39.5,3.0,4. Alto (Alerta),#DE5C0B,06/10/2026,,,
Lagoa de Dentro,11.0,20.43,0.6,2. Baixo,#C0C276,06/10/2026,,,
Mamanguape,9.5,6.97,0.5,2. Baixo,#C0C276,06/10/2026,,,
Marcação,8.8,1.46,0.4,1. Nulo,#A1A1A1,05/10/2026,,,
Pedras de Fogo,8.9,12.07,0.4,2. Baixo,#C0C276,06/10/2026,,,
Mulungu,11.4,10.88,0.7,2. Baixo,#C0C276,06/10/2026,,,
Santa Luzia,24.2,45.0,9.3,6. Critico,#82001F,06/10/2026,,,
Olivedos,15.6,24.63,1.7,2. Baixo,#C0C276,06/10/2026,,,
Pilar,10.7,5.41,0.6,2. Baixo,#C0C276,06/10/2026,,,
Parari,18.3,45.0,2.9,4. Alto (Alerta),#DE5C0B,06/10/2026,,,
Pilões,6.5,1.91,0.2,1. Nulo,#A1A1A1,06/10/2026,,,
Pirpirituba,10.2,4.26,0.5,2. Baixo,#C0C276,05/10/2026,,,
Picuí,17.0,45.0,2.3,3. Moderado,#E8A523,06/10/2026,,,
Salgado de São Félix,9.8,25.3,0.5,2. Baixo,#C0C276,06/10/2026,,,
Santa Rita,7.9,3.86,0.3,1. Nulo,#A1A1A1,06/10/2026,,,
Santo André,18.5,39.5,3.0,4. Alto (Alerta),#DE5C0B,06/10/2026,,,
São João do Cariri,17.4,30.26,2.4,3. Moderado,#E8A523,06/10/2026,,,
São José do Bonfim,22.7,45.0,7.0,5. Muito Alto,#DE1010,06/10/2026,,,
São José do Sabugi,21.7,45.0,5.8,5. Muito Alto,#DE1010,05/10/2026,,,
Sertãozinho,11.3,5.51,0.7,2. Baixo,#C0C276,06/10/2026,,,
São José dos Cordeiros,18.3,35.0,2.9,3. Moderado,#E8A523,06/10/2026,,,
São Mamede,23.2,45.0,7.7,6. Critico,#82001F,06/10/2026,,,
São Miguel de Taipu,10.3,10.35,0.5,2. Baixo,#C0C276,06/10/2026,,,
Serra Branca,18.6,39.5,3.1,4. Alto (Alerta),#DE5C0B,06/10/2026,,,
Sossêgo,15.6,20.83,1.6,2. Baixo,#C0C276,06/10/2026,,,
Serraria,6.5,1.91,0.2,1. Nulo,#A1A1A1,06/10/2026,,,
Sobrado,10.5,6.53,0.6,2. Baixo,#C0C276,06/10/2026,,,
Soledade,16.8,45.0,2.2,3. Moderado,#E8A523,06/10/2026,,,
Sumé,17.7,39.5,2.6,3. Moderado,#E8A523,06/10/2026,,,
Tacima,11.7,11.59,0.7,2. Baixo,#C0C276,06/10/2026,,,
Taperoá,18.6,35.0,3.1,4. Alto (Alerta),#DE5C0B,06/10/2026,,,
Várzea,25.3,45.0,11.4,6. Critico,#82001F,06/10/2026,,,
Boa Ventura,27.8,45.0,17.7,6. Critico,#82001F,05/10/2026,,,
Pombal,27.2,23.6,15.5,6. Critico,#82001F,06/10/2026,,,
Juru,25.2,45.0,11.2,6. Critico,#82001F,06/10/2026,,,
Princesa Isabel,25.0,45.0,10.8,6. Critico,#82001F,06/10/2026,,,
Santana de Mangueira,26.8,45.0,14.9,6. Critico,#82001F,06/10/2026,,,
Diamante,27.2,35.9,15.8,6. Critico,#82001F,06/10/2026,,,
Pedra Branca,27.9,45.0,18.0,6. Critico,#82001F,06/10/2026,,,
Piancó,28.0,45.0,18.3,6. Critico,#82001F,06/10/2026,,,
Igaracy,26.8,45.0,14.9,6. Critico,#82001F,06/10/2026,,,
Curral Velho,28.3,45.0,19.2,6. Critico,#82001F,06/10/2026,,,
Bernardino Batista,22.2,45.0,6.3,5. Muito Alto,#DE1010,06/10/2026,,,
Conceição,26.4,45.0,13.9,6. Critico,#82001F,06/10/2026,,,
Manaíra,23.9,45.0,8.8,6. Critico,#82001F,06/10/2026,,,
Nazarezinho,24.4,45.0,9.6,6. Critico,#82001F,06/10/2026,,,
São José de Espinharas,24.9,45.0,10.6,6. Critico,#82001F,06/10/2026,,,
Brejo dos Santos,23.0,45.0,7.4,5. Muito Alto,#DE1010,06/10/2026,,,
Santa Cruz,25.2,45.0,11.2,6. Critico,#82001F,06/10/2026,,,
Poço Dantas,20.3,45.0,4.4,4. Alto (Alerta),#DE5C0B,06/10/2026,,,
Mato Grosso,26.6,45.0,14.4,6. Critico,#82001F,06/10/2026,,,
Santa Helena,26.0,45.0,12.9,6. Critico,#82001F,05/10/2026,,,
Triunfo,24.3,45.0,9.5,6. Critico,#82001F,06/10/2026,,,
Paulista,26.5,45.0,14.1,6. Critico,#82001F,06/10/2026,,,
Uiraúna,23.2,45.0,7.7,6. Critico,#82001F,06/10/2026,,,
Coremas,24.2,45.0,9.3,6. Critico,#82001F,05/10/2026,,,
Aparecida,26.9,33.8,14.9,6. Critico,#82001F,06/10/2026,,,
Mãe d'Água,23.6,45.0,8.3,6. Critico,#82001F,06/10/2026,,,
Água Branca,24.3,45.0,9.5,6. Critico,#82001F,05/10/2026,,,
Poço de José de Moura,23.2,45.0,7.7,6. Critico,#82001F,06/10/2026,,,
Santana dos Garrotes,28.7,45.0,20.5,6. Critico,#82001F,06/10/2026,,,
Malta,25.9,45.0,12.7,6. Critico,#82001F,06/10/2026,,,
Carrapateira,24.6,45.0,10.0,6. Critico,#82001F,06/10/2026,,,
Vista Serrana,26.7,45.0,14.6,6. Critico,#82001F,06/10/2026,,,
Cachoeira dos Índios,25.9,45.0,12.7,6. Critico,#82001F,06/10/2026,,,
Santa Teresinha,24.6,45.0,10.0,6. Critico,#82001F,06/10/2026,,,
Brejo do Cruz,25.7,45.0,12.2,6. Critico,#82001F,06/10/2026,,,
Belém do Brejo do Cruz,25.4,45.0,11.6,6. Critico,#82001F,06/10/2026,,,
Marizópolis,23.5,45.0,8.1,6. Critico,#82001F,06/10/2026,,,
Jericó,24.4,45.0,9.6,6. Critico,#82001F,05/10/2026,,,
Joca Claudino,22.3,45.0,6.5,5. Muito Alto,#DE1010,06/10/2026,,,
Lastro,24.5,45.0,9.8,6. Critico,#82001F,06/10/2026,,,
Catolé do Rocha,23.5,45.0,8.1,6. Critico,#82001F,06/10/2026,,,
São José de Piranhas,26.2,45.0,13.4,6. Critico,#82001F,06/10/2026,,,
Aguiar,24.4,45.0,9.6,6. Critico,#82001F,06/10/2026,,,
Riacho dos Cavalos,26.5,45.0,14.1,6. Critico,#82001F,06/10/2026,,,
São José de Princesa,23.0,45.0,7.4,5. Muito Alto,#DE1010,06/10/2026,,,
Sousa,24.2,45.0,9.3,6. Critico,#82001F,06/10/2026,,,
Cajazeiras,25.0,45.0,10.8,6. Critico,#82001F,06/10/2026,,,
Patos,23.5,45.0,8.1,6. Critico,#82001F,06/10/2026,,,
São Domingos,27.0,33.8,15.2,6. Critico,#82001F,06/10/2026,,,
Bom Jesus,24.2,45.0,9.3,6. Critico,#82001F,06/10/2026,,,
Cajazeirinhas,27.7,45.0,17.4,6. Critico,#82001F,06/10/2026,,,
Condado,26.5,45.0,14.1,6. Critico,#82001F,06/10/2026,,,
São Bentinho,27.3,45.0,16.2,6. Critico,#82001F,06/10/2026,,,
São João do Rio do Peixe,24.5,45.0,9.8,6. Critico,#82001F,06/10/2026,,,
Emas,28.3,45.0,19.2,6. Critico,#82001F,06/10/2026,,,
Imaculada,21.3,45.0,5.3,5. Muito Alto,#DE1010,06/10/2026,,,
Santa Inês,27.9,45.0,18.0,6. Critico,#82001F,06/10/2026,,,
Monte Horebe,25.3,45.0,11.4,6. Critico,#82001F,06/10/2026,,,
Ibiara,26.9,35.9,14.9,6. Critico,#82001F,06/10/2026,,,
Bonito de Santa Fé,25.4,45.0,11.6,6. Critico,#82001F,06/10/2026,,,
Itaporanga,26.8,45.0,14.9,6. Critico,#82001F,06/10/2026,,,
Nova Olinda,27.9,45.0,18.0,6. Critico,#82001F,06/10/2026,,,
São José de Caiana,25.1,45.0,11.0,6. Critico,#82001F,06/10/2026,,,
São João do Tigre,16.0,45.0,1.9,2. Baixo,#C0C276,06/10/2026,,,
Caiçara,11.3,8.01,0.7,2. Baixo,#C0C276,06/10/2026,,,
Amparo,18.3,45.0,2.9,4. Alto (Alerta),#DE5C0B,06/10/2026,,,
Frei Martinho,19.4,45.0,3.7,4. Alto (Alerta),#DE5C0B,06/10/2026,,,
Logradouro,11.1,21.97,0.7,2. Baixo,#C0C276,06/10/2026,,,
Prata,18.3,45.0,2.9,4. Alto (Alerta),#DE5C0B,06/10/2026,,,
Teixeira,18.9,45.0,3.3,4. Alto (Alerta),#DE5C0B,06/10/2026,,,
Cubati,17.6,39.5,2.5,3. Moderado,#E8A523,06/10/2026,,,
Mogeiro,11.2,12.27,0.7,2. Baixo,#C0C276,06/10/2026,,,
Nova Palmeira,19.5,28.75,3.6,4. Alto (Alerta),#DE5C0B,06/10/2026,,,
Serra da Raiz,10.2,3.02,0.5,2. Baixo,#C0C276,06/10/2026,,,
Olho d'Água,28.2,45.0,18.9,6. Critico,#82001F,05/10/2026,,,
Bom Sucesso,23.6,45.0,8.3,6. Critico,#82001F,06/10/2026,,,
São José da Lagoa Tapada,25.1,45.0,11.0,6. Critico,#82001F,06/10/2026,,,
São Bento,26.0,45.0,12.9,6. Critico,#82001F,06/10/2026,,,
São Francisco,25.6,45.0,12.0,6. Critico,#82001F,06/10/2026,,,
Lagoa,25.8,45.0,12.5,6. Critico,#82001F,06/10/2026,,,
Vieirópolis,23.3,45.0,7.8,6. Critico,#82001F,06/10/2026,,,
Catingueira,26.0,45.0,12.9,6. Critico,#82001F,06/10/2026,,,
Tavares,23.7,45.0,8.5,6. Critico,#82001F,06/10/2026,,,
Belém,10.2,3.02,0.5,2. Baixo,#C0C276,06/10/2026,,,
Pocinhos,13.6,16.34,1.1,2. Baixo,#C0C276,06/10/2026,,,
Cuité de Mamanguape,10.5,18.99,0.6,2. Baixo,#C0C276,06/10/2026,,,
Rio Tinto,7.9,2.46,0.3,1. Nulo,#A1A1A1,06/10/2026,,,
Serra Grande,24.3,45.0,9.5,6. Critico,#82001F,06/10/2026,,,
